INSERT INTO directors (id, firstname, middlename, lastname, began_career)
VALUES (790, 'Aleksandr', 'Konstantinovich', 'Petrov', '1990-01-01'),
       (770, 'Konstantin', 'Yurievich', 'Bogomolov', '2000-02-01'),
       (764, 'Peter', 'John', 'Brook', '1968-03-01'),
       (717, 'Julie', NULL, 'Taymor', '1984-04-01'),
       (731, 'Sam', 'Alexander', 'Mendes', '1995-05-01'),
       (798, 'Thomas', 'Johann', 'Ostermeier', '1998-06-01'),
       (737, 'Luc', NULL, 'Bondy', '1985-07-01'),
       (728, 'Katie', 'Elizabeth', 'Mitchell', '2005-08-01'),
       (753, 'Simon', 'James', 'Stone', '2002-09-01'),
       (719, 'Ivo', NULL, 'van Hove', '1993-10-01');

INSERT INTO theatres (id, name, country, city, address)
VALUES (142, 'Bolshoi Theatre', 'Russia', 'Moscow', 'Theatre Square, 1'),
(163, 'Mariinsky Theatre', 'Russia', 'Saint Petersburg', 'Theatre Square, 1'),
(110, 'Royal National Theatre', 'United Kingdom', 'London', 'South Bank, SE1 9PX'),
(123, 'Comédie-Française', 'France', 'Paris', 'Place André Malraux, 75001'),
(154, 'Teatro alla Scala', 'Italy', 'Milan', 'Via Filodrammatici, 2'),
(195, 'Berliner Ensemble', 'Germany', 'Berlin', 'Bertolt-Brecht-Platz 1'),
(128, 'Teatro Real', 'Spain', 'Madrid', 'Plaza de Oriente, 5'),
(179, 'Burgtheater', 'Austria', 'Vienna', 'Universitätsring 2'),
(171, 'Deutsches Theater', 'Germany', 'Munich', 'Schwanthalerstraße 13'),
(198, 'Abbey Theatre', 'Ireland', 'Dublin', '26 Lower Abbey Street');

INSERT INTO plays (id, name, director_id, premier_date)
VALUES (212, 'Swan Lake', 737, '2007-03-04'),
       (265, 'Hamlet', 728, '2009-01-11'),
       (274, 'The Cherry Orchard', 753, '1999-01-17'),
       (293, 'Death of a Salesman', 719, '2003-02-10'),
       (228, 'The Marriage of Figaro', 798, '2013-05-01'),
       (285, 'Waiting for Godot', 731, '2019-01-05'),
       (286, 'The Three Sisters', 717, '2001-01-31'),
       (248, 'The Seagull', 790, '2006-10-17'),
       (209, 'A Streetcar Named Desire', 770, '2011-12-03'),
       (299, 'The Importance of Being Earnest', 764, '2020-02-14');

INSERT INTO performances (id, play_id, theatre_id, date)
VALUES (361, 212, 142, '2023-05-01'),
       (329, 265, 179, '2023-05-10'),
       (387, 274, 163, '2023-05-20'),
       (395, 293, 154, '2023-05-30'),
       (322, 228, 179, '2023-06-05'),
       (348, 285, 198, '2023-08-12'),
       (371, 286, 179, '2023-06-20'),
       (338, 248, 171, '2023-06-30'),
       (383, 209, 110, '2023-07-05'),
       (390, 299, 123, '2023-07-15');

INSERT INTO actors (id, firstname, middlename, lastname, date_of_birth)
VALUES (503, 'Ivan', 'Petrovich', 'Smirnov', '1980-04-12'),
       (598, 'Ekaterina', 'Sergeevna', 'Petrova', '1985-07-25'),
       (529, 'William', NULL, 'Johnson', '1990-12-05'),
       (546, 'Elizabeth', NULL, 'Taylor', '1989-06-18'),
       (576, 'Alexander', 'Nikolaevich', 'Kuznetsov', '1975-11-03'),
       (589, 'Maria', 'Ivanovna', 'Ivanova', '1993-10-29'),
       (523, 'Giovanni', NULL, 'Rossi', '1984-06-15'),
       (560, 'Francesca', NULL, 'Bianchi', '1991-02-23'),
       (534, 'Carlos', NULL, 'García', '1987-05-20'),
       (590, 'Isabella', NULL, 'Martínez', '1994-01-11'),
       (512, 'Max', NULL, 'Müller', '1986-04-30'),
       (583, 'Anna', NULL, 'Schmidt', '1982-09-17'),
       (513, 'Friedrich', NULL, 'Schneider', '1978-07-06'),
       (575, 'Lena', NULL, 'Klein', '1995-04-20'),
       (591, 'Sean', NULL, 'O''Brien', '1992-10-10'),
       (592, 'Siobhan', NULL, 'Murphy', '1988-06-19'),
       (555, 'Pierre', NULL, 'Lefebvre', '1983-07-31'),
       (542, 'Marie', NULL, 'Martin', '1997-04-28'),
       (559, 'Bernd', NULL, 'Fischer', '1990-01-02'),
       (580, 'Sabine', NULL, 'Wolf', '1985-05-11');

INSERT INTO play_characters (id, name, play_id, rank)
VALUES (412, 'Odette/Odile', 212, 'lead'),
       (458, 'Prince Siegfried', 212, 'lead'),
       (435, 'Hamlet', 265, 'lead'),
       (474, 'King Claudius', 265, 'supporting'),
       (403, 'Captain', 265, 'episode'),
       (421, 'Lyubov Ranevskaya', 274, 'lead'),
       (493, 'Anya', 274, 'supporting'),
       (447, 'Willy Loman', 293, 'lead'),
       (401, 'Biff Loman', 293, 'supporting'),
       (477, 'Figaro', 228, 'lead'),
       (489, 'Susanna', 228, 'lead');

INSERT INTO theatrical_roles (id, performance_id, character_id, actor_id, valid_from, valid_to)
VALUES (614, 361, 412, 503, '2021-05-15', '9999-01-01'),
       (670, 361, 458, 598, '2019-04-01', '2023-04-01'),
       (620, 329, 435, 529, '2018-09-01', '2023-09-01'),
       (611, 329, 435, 513, '2014-03-12', '2017-02-11'),
       (649, 329, 474, 546, '2008-02-20', '2010-02-19'),
       (640, 329, 474, 583, '2013-09-11', '2015-11-10'),
       (663, 387, 421, 576, '2016-08-01', '9999-01-01'),
       (609, 387, 421, 534, '2014-01-04', '2015-12-11'),
       (630, 387, 493, 589, '2012-11-01', '2015-11-01'),
       (668, 395, 447, 523, '2020-05-01', '2023-05-01'),
       (604, 395, 401, 560, '2003-03-15', '2005-03-14'),
       (638, 322, 477, 534, '2013-01-01', '2015-01-01'),
       (685, 322, 489, 590, '2019-06-01', '9999-01-01');

INSERT INTO tickets (id, performance_id, price, hall, zone, zone_num, row_num, seat, is_sold)
VALUES (801, 361, 3000, 1, 'orchestra', NULL, 1, 1, TRUE),
       (809, 361, 3000, 1, 'amphitheater', NULL, 1, 2, TRUE),
       (888, 361, 2800, 1, 'amphitheater', NULL, 2, 7, TRUE),
       (853, 361, 2400, 1, 'mezzanine', NULL, 2, 1, FALSE),
       (824, 329, 3600, 2, 'boxes', 2, 3, 5, TRUE),
       (883, 329, 3600, 2, 'balcony', 4, 3, 6, FALSE),
       (832, 387, 4500, 4, 'orchestra', NULL, 4, 3, TRUE),
       (864, 387, 4500, 4, 'orchestra', NULL, 4, 4, TRUE),
       (817, 395, 2800, 1, 'amphitheater', NULL, 5, 7, TRUE),
       (876, 395, 2800, 1, 'orchestra', NULL, 5, 8, FALSE),
       (842, 322, 2000, 2, 'balcony', 3, 6, 2, TRUE),
       (818, 322, 2000, 2, 'balcony', 2, 11, 3, TRUE),
       (880, 348, 4000, 1, 'mezzanine', NULL, 1, 5, TRUE),
       (849, 348, 4400, 1, 'mezzanine', NULL, 2, 5, FALSE),
       (821, 348, 4000, 1, 'orchestra', NULL, 1, 6, FALSE),
       (891, 371, 3200, 2, 'boxes', 2, 2, 1, TRUE),
       (859, 371, 3200, 2, 'balcony', 1, 2, 2, TRUE),
       (850, 371, 2200, 1, 'boxes', NULL, 3, 2, FALSE),
       (807, 338, 3800, 1, 'orchestra', NULL, 7, 5, TRUE),
       (834, 338, 3800, 1, 'boxes', 1, 7, 11, TRUE),
       (848, 383, 2600, 3, 'mezzanine', NULL, 8, 7, TRUE),
       (810, 383, 2200, 3, 'boxes', 2, 8, 14, FALSE),
       (825, 322, 2000, 2, 'balcony', 2, 10, 3, FALSE),
       (802, 329, 3600, 2, 'mezzanine', NULL, 3, 6, FALSE),
       (805, 329, 3600, 2, 'balcony', 3, 6, 6, FALSE),
       (806, 387, 4500, 1, 'orchestra', NULL, 4, 7, FALSE),
       (808, 329, 3600, 2, 'balcony', 6, 5, 6, FALSE),
       (811, 387, 4500, 4, 'amphitheater', NULL, 4, 3, TRUE),
       (857, 390, 3500, 1, 'orchestra', NULL, 9, 1, TRUE);

INSERT INTO spectators (id, firstname, middlename, lastname, date_of_birth, ticket_id)
VALUES (901, 'Ivan', 'Vasilievich', 'Ivanov', '1970-01-01', 801),
       (902, 'Elena', 'Dmitrievna', 'Petrova', '1980-02-14', 809),
       (913, 'John', 'Robertovich', 'Smith', '1990-03-31', 824),
       (926, 'Maria', 'Fedorovna', 'Silva', '1975-04-22', 832),
       (978, 'Oleg', NULL, 'Sidorov', '1995-05-05', 864),
       (935, 'Anna', 'Pavlovna', 'Johnson', '1985-06-30', 817),
       (957, 'Julia', 'Aleksandrovna', 'Rodriguez', '1999-07-07', 876),
       (921, 'Nikolai', 'Igorevich', 'Smirnov', '1965-08-12', 842),
       (987, 'Sergey', 'Andreevich', 'Popov', '1992-09-20', 818),
       (932, 'Galina', 'Vladimirovna', 'Martinez', '1977-10-11', 880),
       (985, 'Vladimir', 'Sergeevich', 'Kuznetsov', '1968-11-01', 821),
       (927, 'Olga', 'Ivanovna', 'Brown', '1983-12-01', 891),
       (950, 'Ludmila', NULL, 'Garcia', '1997-06-10', 859),
       (969, 'Alexei', 'Petrovich', 'Zaitsev', '1960-05-15', 807),
       (925, 'Tatiana', NULL, 'Perez', '1989-04-01', 834);